[
{
  "model": "snippets.snippet",
  "pk": 1,
  "fields": {
    "created": "2018-01-04T18:09:36.612Z",
    "title": "serializers.py",
    "code": "from django.contrib.auth.models import User, Group\r\nfrom rest_framework import serializers\r\n\r\n\r\nclass UserSerializer(serializers.HyperlinkedModelSerializer):\r\n    class Meta:\r\n        model = User\r\n        fields = ('url', 'username', 'email', 'groups')\r\n\r\n\r\nclass GroupSerializer(serializers.HyperlinkedModelSerializer):\r\n    class Meta:\r\n        model = Group\r\n        fields = ('url', 'name')",
    "linenos": false,
    "language": "python",
    "style": "default",
    "owner": 1,
    "highlighted": "<!DOCTYPE html PUBLIC \"-//W3C//DTD HTML 4.01//EN\"\n   \"http://www.w3.org/TR/html4/strict.dtd\">\n\n<html>\n<head>\n  <title>serializers.py</title>\n  <meta http-equiv=\"content-type\" content=\"text/html; charset=None\">\n  <style type=\"text/css\">\ntd.linenos { background-color: #f0f0f0; padding-right: 10px; }\nspan.lineno { background-color: #f0f0f0; padding: 0 5px 0 5px; }\npre { line-height: 125%; }\nbody .hll { background-color: #ffffcc }\nbody  { background: #f8f8f8; }\nbody .c { color: #408080; font-style: italic } /* Comment */\nbody .err { border: 1px solid #FF0000 } /* Error */\nbody .k { color: #008000; font-weight: bold } /* Keyword */\nbody .o { color: #666666 } /* Operator */\nbody .ch { color: #408080; font-style: italic } /* Comment.Hashbang */\nbody .cm { color: #408080; font-style: italic } /* Comment.Multiline */\nbody .cp { color: #BC7A00 } /* Comment.Preproc */\nbody .cpf { color: #408080; font-style: italic } /* Comment.PreprocFile */\nbody .c1 { color: #408080; font-style: italic } /* Comment.Single */\nbody .cs { color: #408080; font-style: italic } /* Comment.Special */\nbody .gd { color: #A00000 } /* Generic.Deleted */\nbody .ge { font-style: italic } /* Generic.Emph */\nbody .gr { color: #FF0000 } /* Generic.Error */\nbody .gh { color: #000080; font-weight: bold } /* Generic.Heading */\nbody .gi { color: #00A000 } /* Generic.Inserted */\nbody .go { color: #888888 } /* Generic.Output */\nbody .gp { color: #000080; font-weight: bold } /* Generic.Prompt */\nbody .gs { font-weight: bold } /* Generic.Strong */\nbody .gu { color: #800080; font-weight: bold } /* Generic.Subheading */\nbody .gt { color: #0044DD } /* Generic.Traceback */\nbody .kc { color: #008000; font-weight: bold } /* Keyword.Constant */\nbody .kd { color: #008000; font-weight: bold } /* Keyword.Declaration */\nbody .kn { color: #008000; font-weight: bold } /* Keyword.Namespace */\nbody .kp { color: #008000 } /* Keyword.Pseudo */\nbody .kr { color: #008000; font-weight: bold } /* Keyword.Reserved */\nbody .kt { color: #B00040 } /* Keyword.Type */\nbody .m { color: #666666 } /* Literal.Number */\nbody .s { color: #BA2121 } /* Literal.String */\nbody .na { color: #7D9029 } /* Name.Attribute */\nbody .nb { color: #008000 } /* Name.Builtin */\nbody .nc { color: #0000FF; font-weight: bold } /* Name.Class */\nbody .no { color: #880000 } /* Name.Constant */\nbody .nd { color: #AA22FF } /* Name.Decorator */\nbody .ni { color: #999999; font-weight: bold } /* Name.Entity */\nbody .ne { color: #D2413A; font-weight: bold } /* Name.Exception */\nbody .nf { color: #0000FF } /* Name.Function */\nbody .nl { color: #A0A000 } /* Name.Label */\nbody .nn { color: #0000FF; font-weight: bold } /* Name.Namespace */\nbody .nt { color: #008000; font-weight: bold } /* Name.Tag */\nbody .nv { color: #19177C } /* Name.Variable */\nbody .ow { color: #AA22FF; font-weight: bold } /* Operator.Word */\nbody .w { color: #bbbbbb } /* Text.Whitespace */\nbody .mb { color: #666666 } /* Literal.Number.Bin */\nbody .mf { color: #666666 } /* Literal.Number.Float */\nbody .mh { color: #666666 } /* Literal.Number.Hex */\nbody .mi { color: #666666 } /* Literal.Number.Integer */\nbody .mo { color: #666666 } /* Literal.Number.Oct */\nbody .sa { color: #BA2121 } /* Literal.String.Affix */\nbody .sb { color: #BA2121 } /* Literal.String.Backtick */\nbody .sc { color: #BA2121 } /* Literal.String.Char */\nbody .dl { color: #BA2121 } /* Literal.String.Delimiter */\nbody .sd { color: #BA2121; font-style: italic } /* Literal.String.Doc */\nbody .s2 { color: #BA2121 } /* Literal.String.Double */\nbody .se { color: #BB6622; font-weight: bold } /* Literal.String.Escape */\nbody .sh { color: #BA2121 } /* Literal.String.Heredoc */\nbody .si { color: #BB6688; font-weight: bold } /* Literal.String.Interpol */\nbody .sx { color: #008000 } /* Literal.String.Other */\nbody .sr { color: #BB6688 } /* Literal.String.Regex */\nbody .s1 { color: #BA2121 } /* Literal.String.Single */\nbody .ss { color: #19177C } /* Literal.String.Symbol */\nbody .bp { color: #008000 } /* Name.Builtin.Pseudo */\nbody .fm { color: #0000FF } /* Name.Function.Magic */\nbody .vc { color: #19177C } /* Name.Variable.Class */\nbody .vg { color: #19177C } /* Name.Variable.Global */\nbody .vi { color: #19177C } /* Name.Variable.Instance */\nbody .vm { color: #19177C } /* Name.Variable.Magic */\nbody .il { color: #666666 } /* Literal.Number.Integer.Long */\n\n  </style>\n</head>\n<body>\n<h2>serializers.py</h2>\n\n<div class=\"highlight\"><pre><span></span><span class=\"kn\">from</span> <span class=\"nn\">django.contrib.auth.models</span> <span class=\"kn\">import</span> <span class=\"n\">User</span><span class=\"p\">,</span> <span class=\"n\">Group</span>\n<span class=\"kn\">from</span> <span class=\"nn\">rest_framework</span> <span class=\"kn\">import</span> <span class=\"n\">serializers</span>\n\n\n<span class=\"k\">class</span> <span class=\"nc\">UserSerializer</span><span class=\"p\">(</span><span class=\"n\">serializers</span><span class=\"o\">.</span><span class=\"n\">HyperlinkedModelSerializer</span><span class=\"p\">):</span>\n    <span class=\"k\">class</span> <span class=\"nc\">Meta</span><span class=\"p\">:</span>\n        <span class=\"n\">model</span> <span class=\"o\">=</span> <span class=\"n\">User</span>\n        <span class=\"n\">fields</span> <span class=\"o\">=</span> <span class=\"p\">(</span><span class=\"s1\">&#39;url&#39;</span><span class=\"p\">,</span> <span class=\"s1\">&#39;username&#39;</span><span class=\"p\">,</span> <span class=\"s1\">&#39;email&#39;</span><span class=\"p\">,</span> <span class=\"s1\">&#39;groups&#39;</span><span class=\"p\">)</span>\n\n\n<span class=\"k\">class</span> <span class=\"nc\">GroupSerializer</span><span class=\"p\">(</span><span class=\"n\">serializers</span><span class=\"o\">.</span><span class=\"n\">HyperlinkedModelSerializer</span><span class=\"p\">):</span>\n    <span class=\"k\">class</span> <span class=\"nc\">Meta</span><span class=\"p\">:</span>\n        <span class=\"n\">model</span> <span class=\"o\">=</span> <span class=\"n\">Group</span>\n        <span class=\"n\">fields</span> <span class=\"o\">=</span> <span class=\"p\">(</span><span class=\"s1\">&#39;url&#39;</span><span class=\"p\">,</span> <span class=\"s1\">&#39;name&#39;</span><span class=\"p\">)</span>\n</pre></div>\n</body>\n</html>\n"
  }
}
]
